<?xml version="1.0" encoding="UTF-8"?>
<userlist>
	<user>
		<id>1234</id>
		<password>1234</password>
		<name>김동길</name>
		<phone>010-1111-1111</phone>
		<email>dongill@naver.com</email>
		<address>경기도 여주시 삼난면 기주로 130</address>
	</user>
	<user>
		<id>abcd</id>
		<password>abcd</password>
		<name>이주림</name>
		<phone>010-2222-2222</phone>
		<email>julim@naver.com</email>
		<address>울산광역시 남구 삼산동 태화강로 20-9</address>
	</user>
	<user>
		<id>5678</id>
		<password>5678</password>
		<name>강하늘</name>
		<phone>010-3333-3333</phone>
		<email>haneul@naver.com</email>
		<address>충청남도 공주시 공주로 109</address>
	</user>
</userlist>